player_id,firstname,lastname,position,height,weight,byear,rookie,position.number,team_id
708,Kevin,Garnett,Forward-Center,83,253,1976,1995,8,1610612750
977,Kobe,Bryant,Guard,78,205,1978,1996,2,1610612747
1495,Tim,Duncan,Forward-Center,83,255,1976,1997,8,1610612759
1713,Vince,Carter,Guard-Forward,78,220,1977,1998,4,1610612763
1717,Dirk,Nowitzki,Forward-Center,84,245,1978,1998,8,1610612742
1718,Paul,Pierce,Guard-Forward,79,235,1977,1998,4,1610612746
1882,Elton,Brand,Forward-Center,81,254,1979,1999,8,1610612755
1889,Andre,Miller,Guard,74,200,1976,1999,2,1610612750
1891,Jason,Terry,Guard,74,180,1977,1999,2,1610612745
1897,Metta,World Peace,Forward,79,250,1979,1999,6,1610612747
1938,Manu,Ginobili,Guard-Forward,78,205,1977,2002,4,1610612759
2034,Mike,Miller,Guard-Forward,80,218,1980,2000,4,1610612743
2037,Jamal,Crawford,Guard,77,195,1980,2000,2,1610612746
2199,Tyson,Chandler,Center,85,245,1982,2001,9,1610612756
2200,Pau,Gasol,Forward-Center,84,275,1980,2001,8,1610612741
2207,Joe,Johnson,Guard-Forward,79,240,1981,2001,4,1610612751
2210,Richard,Jefferson,Small-Forward,79,234,1980,2001,5,1610612739
2216,Zach,Randolph,Forward-Center,81,260,1981,2001,8,1610612763
2225,Tony,Parker,Point-Guard,74,180,1982,2001,1,1610612759
2365,Chris,Andersen,Forward-Center,82,245,1978,2001,8,1610612763
2399,Mike,Dunleavy,Guard-Forward,81,230,1980,2002,4,1610612741
2400,Drew,Gooden,Power-Forward,82,250,1981,2002,7,1610612764
2403,NA,Nene,Forward-Center,83,267,1982,2002,8,1610612764
2405,Amar'e,Stoudemire,Forward-Center,83,245,1982,2002,8,1610612748
2406,Caron,Butler,Small-Forward,79,217,1980,2002,5,1610612758
2419,Tayshaun,Prince,Forward,81,215,1980,2002,6,1610612750
2440,Matt,Barnes,Small-Forward,79,226,1980,2003,5,1610612763
2446,Rasual,Butler,Guard-Forward,79,220,1979,2002,4,1610612759
2449,Luis,Scola,Forward-Center,81,240,1980,2007,8,1610612761
2544,LeBron,James,Forward,80,250,1984,2003,6,1610612739
2546,Carmelo,Anthony,Forward,80,240,1984,2003,6,1610612752
2547,Chris,Bosh,Forward-Center,83,235,1984,2003,8,1610612748
2548,Dwyane,Wade,Guard,76,220,1982,2003,2,1610612748
2549,Chris,Kaman,Forward-Center,84,265,1982,2003,8,1610612757
2550,Kirk,Hinrich,Guard,76,190,1981,2003,2,1610612737
2555,Nick,Collison,Forward-Center,82,255,1980,2004,8,1610612760
2561,David,West,Power-Forward,81,255,1980,2003,7,1610612759
2564,Boris,Diaw,Forward-Center,80,235,1982,2003,8,1610612759
2570,Kendrick,Perkins,Center,82,270,1984,2003,9,1610612740
2571,Leandro,Barbosa,Guard,75,194,1982,2003,2,1610612744
2581,Steve,Blake,Guard,75,175,1980,2003,2,1610612765
2585,Zaza,Pachulia,Center,83,240,1984,2003,9,1610612742
2588,Matt,Bonner,Power-Forward,82,235,1980,2004,7,1610612759
2590,Mo,Williams,Guard,73,195,1982,2003,2,1610612739
2592,James,Jones,Guard-Forward,80,215,1980,2003,4,1610612739
2594,Kyle,Korver,Guard-Forward,79,212,1981,2003,4,1610612737
2617,Udonis,Haslem,Power-Forward,80,235,1980,2003,7,1610612748
2730,Dwight,Howard,Forward-Center,83,265,1985,2004,8,1610612745
2733,Shaun,Livingston,Guard,79,175,1985,2004,2,1610612744
2734,Devin,Harris,Guard,75,185,1983,2004,2,1610612742
2736,Luol,Deng,Forward,81,220,1985,2004,6,1610612748
2738,Andre,Iguodala,Guard-Forward,78,218,1984,2004,4,1610612744
2743,Kris,Humphries,Forward-Center,81,235,1985,2004,8,1610612756
2744,Al,Jefferson,Forward-Center,82,289,1985,2004,8,1610612766
2746,Josh,Smith,Forward,81,225,1985,2004,6,1610612745
2747,J.R.,Smith,Guard-Forward,78,220,1985,2004,4,1610612739
2749,Jameer,Nelson,Point-Guard,72,190,1982,2004,1,1610612743
2754,Tony,Allen,Guard-Forward,76,213,1982,2004,4,1610612763
2755,Kevin,Martin,Guard-Forward,79,197,1983,2004,4,1610612750
2756,Sasha,Vujacic,Shooting-Guard,79,195,1984,2004,3,1610612752
2757,Beno,Udrih,Point-Guard,75,210,1982,2004,1,1610612748
2760,Anderson,Varejao,Forward-Center,83,267,1982,2004,8,1610612744
2772,Trevor,Ariza,Guard-Forward,80,210,1985,2004,4,1610612745
101106,Andrew,Bogut,Center,84,255,1984,2005,9,1610612744
101107,Marvin,Williams,Forward,81,237,1986,2005,6,1610612766
101108,Chris,Paul,Point-Guard,72,185,1985,2005,1,1610612746
101109,Raymond,Felton,Guard,73,205,1984,2005,2,1610612742
101111,Charlie,Villanueva,Power-Forward,83,232,1984,2005,7,1610612742
101112,Channing,Frye,Forward-Center,83,263,1983,2005,8,1610612739
101114,Deron,Williams,Point-Guard,75,209,1984,2005,1,1610612742
101123,Gerald,Green,Guard-Forward,80,199,1986,2005,4,1610612748
101126,Nate,Robinson,Guard,69,180,1984,2005,2,0
101127,Jarrett,Jack,Guard,75,200,1983,2005,2,1610612751
101133,Ian,Mahinmi,Center,83,250,1986,2007,9,1610612754
101135,David,Lee,Forward-Center,81,240,1983,2005,8,1610612742
101138,Brandon,Bass,Forward-Center,80,250,1985,2005,8,1610612747
101139,CJ,Miles,Guard-Forward,78,231,1987,2005,4,1610612754
101141,Ersan,Ilyasova,Forward,82,235,1987,2006,6,1610612753
101145,Monta,Ellis,Guard,75,185,1985,2005,2,1610612754
101150,Lou,Williams,Guard,73,175,1986,2005,2,1610612747
101161,Amir,Johnson,Forward-Center,81,237,1987,2005,8,1610612738
101162,Marcin,Gortat,Center,83,240,1984,2007,9,1610612764
101179,Ronnie,Price,Guard,74,190,1983,2005,2,1610612756
101181,Jose,Calderon,Point-Guard,75,200,1981,2005,1,1610612752
101187,Alan,Anderson,Guard-Forward,78,220,1982,2005,4,1610612764
101236,Charles,Hayes,Forward-Center,78,250,1983,2005,8,0
200745,Andrea,Bargnani,Forward-Center,84,250,1985,2006,8,0
200746,LaMarcus,Aldridge,Forward-Center,83,250,1985,2006,8,1610612759
200751,Randy,Foye,Guard,76,213,1983,2006,2,1610612760
200752,Rudy,Gay,Forward,80,230,1986,2006,6,1610612758
200755,JJ,Redick,Shooting-Guard,76,190,1984,2006,3,1610612746
200757,Thabo,Sefolosha,Guard-Forward,79,222,1984,2006,4,1610612737
200765,Rajon,Rondo,Point-Guard,73,186,1986,2006,1,1610612758
200768,Kyle,Lowry,Point-Guard,72,205,1986,2006,1,1610612761
200779,Steve,Novak,Forward,82,235,1983,2006,6,1610612749
200782,PJ,Tucker,Guard-Forward,78,235,1985,2006,4,1610612756
200794,Paul,Millsap,Forward-Center,80,258,1985,2006,8,1610612737
200797,Ryan,Hollins,Center,84,250,1984,2006,9,0
200811,Lou,Amundson,Power-Forward,81,225,1982,2006,7,1610612752
200826,Jose Juan,Barea,Point-Guard,72,178,1984,2006,1,1610612742
201142,Kevin,Durant,Forward,81,240,1988,2007,6,1610612760
201143,Al,Horford,Forward-Center,82,250,1986,2007,8,1610612737
201144,Mike,Conley,Point-Guard,73,180,1987,2007,1,1610612763
201145,Jeff,Green,Guard-Forward,81,235,1986,2007,4,1610612746
201147,Corey,Brewer,Guard-Forward,81,185,1986,2007,4,1610612745
201148,Brandan,Wright,Forward-Center,82,240,1987,2007,8,1610612763
201149,Joakim,Noah,Forward-Center,83,232,1985,2007,8,1610612741
201150,Spencer,Hawes,Forward-Center,85,245,1988,2007,8,1610612766
201152,Thaddeus,Young,Forward,80,220,1988,2007,6,1610612751
201155,Rodney,Stuckey,Guard,77,205,1986,2007,2,1610612754
201156,Nick,Young,Guard-Forward,79,210,1985,2007,4,1610612747
201158,Marco,Belinelli,Guard-Forward,77,195,1986,2007,4,1610612758
201160,Jason,Smith,Forward-Center,84,240,1986,2007,8,1610612753
201162,Jared,Dudley,Guard-Forward,79,225,1985,2007,4,1610612764
201163,Wilson,Chandler,Guard-Forward,80,225,1987,2007,4,1610612743
201166,Aaron,Brooks,Point-Guard,72,161,1985,2007,1,1610612741
201167,Arron,Afflalo,Guard-Forward,77,215,1985,2007,4,1610612752
201168,Tiago,Splitter,Center,83,245,1985,2010,9,1610612737
201171,Carl,Landry,Forward,81,248,1983,2007,6,1610612755
201177,Josh,McRoberts,Forward-Center,82,240,1987,2007,8,1610612748
201188,Marc,Gasol,Center,85,265,1985,2008,9,1610612763
201196,Ramon,Sessions,Guard,75,190,1986,2007,2,1610612764
201202,Joel,Anthony,Forward-Center,81,245,1982,2007,8,1610612765
201228,CJ,Watson,Point-Guard,74,180,1984,2007,1,1610612753
201229,Anthony,Tolliver,Forward,80,240,1985,2008,6,1610612765
201564,O.J.,Mayo,Guard,77,200,1987,2008,2,1610612749
201565,Derrick,Rose,Point-Guard,75,190,1988,2008,1,1610612741
201566,Russell,Westbrook,Point-Guard,75,200,1988,2008,1,1610612760
201567,Kevin,Love,Forward-Center,82,243,1988,2008,8,1610612739
201568,Danilo,Gallinari,Small-Forward,82,225,1988,2008,5,1610612743
201569,Eric,Gordon,Shooting-Guard,76,215,1988,2008,3,1610612740
201571,D.J.,Augustin,Point-Guard,72,183,1987,2008,1,1610612743
201572,Brook,Lopez,Center,84,275,1988,2008,9,1610612751
201573,Jerryd,Bayless,Guard,75,200,1988,2008,2,1610612749
201574,Jason,Thompson,Forward-Center,83,250,1986,2008,8,1610612744
201575,Brandon,Rush,Shooting-Guard,78,233,1985,2008,3,1610612744
201577,Robin,Lopez,Center,84,265,1988,2008,9,1610612752
201578,Marreese,Speights,Forward-Center,82,271,1987,2008,8,1610612744
201579,Roy,Hibbert,Center,86,285,1986,2008,9,1610612747
201580,JaVale,McGee,Center,84,252,1988,2008,9,1610612742
201581,JJ,Hickson,Forward-Center,81,242,1988,2008,8,0
201582,Alexis,Ajinca,Forward-Center,84,262,1988,2008,8,1610612740
201583,Ryan,Anderson,Forward-Center,82,240,1988,2008,8,1610612740
201584,Courtney,Lee,Guard-Forward,77,200,1985,2008,4,1610612766
201585,Kosta,Koufos,Forward-Center,84,265,1989,2008,8,1610612758
201586,Serge,Ibaka,Forward-Center,82,235,1989,2009,8,1610612760
201587,Nicolas,Batum,Guard-Forward,80,220,1988,2008,4,1610612766
201588,George,Hill,Guard,74,190,1986,2008,2,1610612754
201589,Darrell,Arthur,Forward-Center,81,225,1988,2008,8,1610612743
201593,Nikola,Pekovic,Center,83,285,1986,2010,9,1610612750
201596,Mario,Chalmers,Point-Guard,74,190,1986,2008,1,1610612763
201599,DeAndre,Jordan,Center,83,265,1988,2008,9,1610612746
201600,Omer,Asik,Forward-Center,84,255,1986,2010,8,1610612740
201601,Luc,Mbah a Moute,Forward,80,230,1986,2008,6,1610612746
201603,Sonny,Weems,Shooting-Guard,78,205,1986,2008,3,1610612756
201609,Goran,Dragic,Guard,75,187,1986,2008,2,1610612748
201619,Sasha,Kaun,Center,83,260,1985,2008,9,1610612739
201627,Anthony,Morrow,Guard-Forward,78,210,1985,2008,4,1610612760
201933,Blake,Griffin,Forward-Center,82,250,1989,2010,8,1610612746
201935,James,Harden,Guard-Forward,77,220,1989,2009,4,1610612745
201936,Tyreke,Evans,Guard-Forward,78,220,1989,2009,4,1610612740
201937,Ricky,Rubio,Point-Guard,76,185,1990,2011,1,1610612750
201939,Stephen,Curry,Guard,75,185,1988,2009,2,1610612744
201941,Jordan,Hill,Forward-Center,82,235,1987,2009,8,1610612754
201942,DeMar,DeRozan,Guard-Forward,79,217,1989,2009,4,1610612761
201943,Brandon,Jennings,Point-Guard,73,169,1989,2009,1,1610612753
201945,Gerald,Henderson,Guard-Forward,77,215,1987,2009,4,1610612757
201946,Tyler,Hansbrough,Forward-Center,81,250,1985,2009,8,1610612766
201949,James,Johnson,Forward,81,248,1987,2009,6,1610612761
201950,Jrue,Holiday,Point-Guard,76,205,1990,2009,1,1610612740
201951,Ty,Lawson,Point-Guard,71,195,1987,2009,1,1610612745
201952,Jeff,Teague,Point-Guard,74,181,1988,2009,1,1610612737
201954,Darren,Collison,Point-Guard,72,175,1987,2009,1,1610612758
201956,Omri,Casspi,Small-Forward,81,225,1988,2009,5,1610612758
201959,Taj,Gibson,Forward-Center,81,225,1985,2009,8,1610612741
201960,DeMarre,Carroll,Forward,80,212,1986,2009,6,1610612761
201961,Wayne,Ellington,Shooting-Guard,76,200,1987,2009,3,1610612751
201962,Toney,Douglas,Guard,74,185,1986,2009,2,1610612740
201965,Jeff,Ayres,Forward-Center,81,250,1987,2009,8,0
201967,Dante,Cunningham,Power-Forward,80,221,1987,2009,7,1610612740
201971,DeJuan,Blair,Forward-Center,79,260,1989,2009,8,0
201973,Jonas,Jerebko,Forward,82,231,1987,2009,6,1610612738
201975,Jodie,Meeks,Shooting-Guard,76,210,1987,2009,3,1610612765
201976,Patrick,Beverley,Guard,73,185,1988,2012,2,1610612745
201977,Marcus,Thornton,Shooting-Guard,76,205,1987,2009,3,1610612745
201978,Chase,Budinger,Guard-Forward,79,209,1988,2009,4,1610612754
201980,Danny,Green,Guard-Forward,78,210,1987,2009,4,1610612759
201988,Patty,Mills,Point-Guard,72,185,1988,2009,1,1610612759
202066,Garrett,Temple,Guard,78,191,1986,2009,2,1610612764
202083,Wesley,Matthews,Guard-Forward,77,214,1986,2009,4,1610612742
202087,Alonzo,Gee,Guard-Forward,78,225,1987,2009,4,1610612740
202322,John,Wall,Point-Guard,76,212,1990,2010,1,1610612764
202323,Evan,Turner,Guard-Forward,79,220,1988,2010,4,1610612738
202324,Derrick,Favors,Forward-Center,82,268,1991,2010,8,1610612762
202325,Wesley,Johnson,Guard-Forward,79,215,1987,2010,4,1610612746
202326,DeMarcus,Cousins,Forward-Center,83,270,1990,2010,8,1610612758
202328,Greg,Monroe,Forward-Center,83,250,1990,2010,8,1610612749
202329,Al-Farouq,Aminu,Small-Forward,81,215,1990,2010,5,1610612757
202330,Gordon,Hayward,Guard-Forward,80,220,1990,2010,4,1610612762
202331,Paul,George,Guard-Forward,81,225,1990,2010,4,1610612754
202332,Cole,Aldrich,Center,83,245,1988,2010,9,1610612746
202334,Ed,Davis,Forward-Center,82,225,1989,2010,8,1610612757
202335,Patrick,Patterson,Forward-Center,81,235,1989,2010,8,1610612761
202337,Luke,Babbitt,Forward,81,225,1989,2010,6,1610612740
202338,Kevin,Seraphin,Forward-Center,81,280,1989,2010,8,1610612752
202339,Eric,Bledsoe,Guard,73,199,1989,2010,2,1610612756
202340,Avery,Bradley,Guard,74,180,1990,2010,2,1610612738
202341,James,Anderson,Guard-Forward,78,215,1989,2010,4,1610612758
202343,Elliot,Williams,Shooting-Guard,77,185,1989,2011,3,0
202344,Trevor,Booker,Power-Forward,80,240,1987,2010,7,1610612762
202347,Quincy,Pondexter,Guard-Forward,78,225,1988,2010,4,1610612740
202349,Greivis,Vasquez,Guard,78,211,1987,2010,2,1610612749
202353,Tibor,Pleiss,Center,87,256,1989,2010,9,1610612762
202355,Hassan,Whiteside,Center,84,265,1989,2010,9,1610612748
202357,Nemanja,Bjelica,Power-Forward,82,234,1988,2010,7,1610612750
202362,Lance,Stephenson,Guard-Forward,77,227,1990,2010,4,1610612763
202379,Jeremy,Evans,Forward,81,197,1987,2010,6,1610612742
202388,Donald,Sloan,Guard,75,210,1988,2011,2,1610612751
202389,Timofey,Mozgov,Center,85,250,1986,2010,9,1610612739
202390,Gary,Neal,Guard,76,210,1984,2010,2,1610612764
202391,Jeremy,Lin,Guard,75,200,1988,2010,2,1610612766
202397,Ish,Smith,Point-Guard,72,175,1988,2010,1,1610612755
202407,Elijah,Millsap,Shooting-Guard,78,225,1987,2015,3,0
202498,Lance,Thomas,Forward,80,225,1988,2011,6,1610612752
202681,Kyrie,Irving,Guard,75,193,1992,2011,2,1610612739
202682,Derrick,Williams,Forward,80,240,1991,2011,6,1610612752
202683,Enes,Kanter,Center,83,247,1992,2011,9,1610612760
202684,Tristan,Thompson,Forward-Center,81,238,1991,2011,8,1610612739
202685,Jonas,Valanciunas,Center,84,257,1992,2012,9,1610612761
202687,Bismack,Biyombo,Center,81,245,1992,2011,9,1610612761
202688,Brandon,Knight,Guard,75,189,1991,2011,2,1610612756
202689,Kemba,Walker,Point-Guard,73,184,1990,2011,1,1610612766
202690,Jimmer,Fredette,Guard,74,195,1989,2011,2,1610612752
202691,Klay,Thompson,Guard-Forward,79,205,1990,2011,4,1610612744
202692,Alec,Burks,Guard,78,211,1991,2011,2,1610612762
202693,Markieff,Morris,Forward-Center,82,245,1989,2011,8,1610612764
202694,Marcus,Morris,Power-Forward,81,228,1989,2011,7,1610612765
202695,Kawhi,Leonard,Guard-Forward,79,230,1991,2011,4,1610612759
202696,Nikola,Vucevic,Forward-Center,84,240,1990,2011,8,1610612753
202697,Iman,Shumpert,Guard-Forward,77,220,1990,2011,4,1610612739
202699,Tobias,Harris,Forward,81,226,1992,2011,6,1610612765
202700,Donatas,Motiejunas,Forward,84,222,1990,2012,6,1610612745
202702,Kenneth,Faried,Power-Forward,80,228,1989,2011,7,1610612743
202703,Nikola,Mirotic,Power-Forward,82,250,1991,2014,7,1610612741
202704,Reggie,Jackson,Guard,75,208,1990,2011,2,1610612765
202708,Norris,Cole,Point-Guard,74,175,1988,2011,1,1610612740
202709,Cory,Joseph,Point-Guard,75,190,1991,2011,1,1610612761
202710,Jimmy,Butler,Guard-Forward,79,220,1989,2011,4,1610612741
202711,Bojan,Bogdanovic,Small-Forward,79,226,1989,2014,5,1610612751
202712,Justin,Harper,Power-Forward,82,225,1989,2011,7,0
202713,Kyle,Singler,Guard-Forward,80,230,1988,2012,4,1610612760
202714,Shelvin,Mack,Point-Guard,75,207,1990,2011,1,1610612762
202718,Chandler,Parsons,Forward,81,227,1988,2011,6,1610612742
202720,Jon,Leuer,Forward-Center,82,228,1989,2011,8,1610612756
202730,Lavoy,Allen,Forward-Center,81,255,1989,2011,8,1610612754
202734,E'Twaun,Moore,Guard,76,191,1989,2011,2,1610612741
202738,Isaiah,Thomas,Point-Guard,69,185,1989,2011,1,1610612738
203076,Anthony,Davis,Forward-Center,82,220,1993,2012,8,1610612740
203077,Michael,Kidd-Gilchrist,Small-Forward,79,232,1993,2012,5,1610612766
203078,Bradley,Beal,Shooting-Guard,76,212,1993,2012,3,1610612764
203079,Dion,Waiters,Shooting-Guard,76,225,1991,2012,3,1610612760
203080,Thomas,Robinson,Power-Forward,82,237,1991,2012,7,1610612751
203081,Damian,Lillard,Point-Guard,75,195,1990,2012,1,1610612757
203082,Terrence,Ross,Guard-Forward,79,197,1991,2012,4,1610612761
203083,Andre,Drummond,Forward-Center,83,279,1993,2012,8,1610612765
203084,Harrison,Barnes,Forward,80,222,1992,2012,6,1610612744
203085,Austin,Rivers,Guard,76,200,1992,2012,2,1610612746
203086,Meyers,Leonard,Forward-Center,85,255,1992,2012,8,1610612757
203087,Jeremy,Lamb,Guard-Forward,77,185,1992,2012,4,1610612766
203088,Kendall,Marshall,Point-Guard,76,195,1991,2012,1,1610612755
203089,John,Henson,Forward-Center,83,220,1990,2012,8,1610612749
203090,Maurice,Harkless,Small-Forward,81,220,1993,2012,5,1610612757
203092,Tyler,Zeller,Forward-Center,84,253,1990,2012,8,1610612738
203093,Terrence,Jones,Forward,81,252,1992,2012,6,1610612745
203094,Andrew,Nicholson,Power-Forward,81,250,1989,2012,7,1610612753
203095,Evan,Fournier,Shooting-Guard,79,204,1992,2012,3,1610612753
203096,Jared,Sullinger,Forward-Center,81,260,1992,2012,8,1610612738
203098,John,Jenkins,Guard-Forward,76,215,1991,2012,4,1610612742
203099,Jared,Cunningham,Guard,76,195,1991,2012,2,1610612753
203100,Tony,Wroten,Point-Guard,78,210,1993,2012,1,0
203101,Miles,Plumlee,Forward-Center,83,255,1988,2012,8,1610612749
203105,Festus,Ezeli,Center,83,255,1989,2012,9,1610612744
203109,Jae,Crowder,Forward,78,235,1990,2012,6,1610612738
203110,Draymond,Green,Small-Forward,79,230,1990,2012,5,1610612744
203111,Orlando,Johnson,Small-Forward,77,225,1989,2012,5,0
203112,Quincy,Acy,Power-Forward,79,233,1990,2012,7,1610612758
203114,Khris,Middleton,Forward,79,215,1991,2012,6,1610612749
203115,Will,Barton,Shooting-Guard,78,185,1991,2012,3,1610612743
203118,Mike,Scott,Power-Forward,80,237,1988,2012,7,1610612737
203123,Kostas,Papanikolaou,Small-Forward,80,225,1990,2014,5,0
203124,Kyle,O'Quinn,Forward-Center,82,240,1990,2012,8,1610612752
203135,Robert,Sacre,Center,84,260,1989,2012,9,1610612747
203138,Hollis,Thompson,Forward,80,206,1991,2013,6,1610612755
203141,Mirza,Teletovic,Forward,81,242,1985,2012,6,1610612756
203142,Chris,Copeland,Forward,80,235,1984,2012,6,0
203143,Pablo,Prigioni,Guard,75,185,1977,2012,2,1610612746
203145,Kent,Bazemore,Guard-Forward,77,201,1989,2012,4,1610612737
203148,Brian,Roberts,Guard,73,173,1985,2012,2,1610612757
203186,Willie,Reed,Center,84,220,1990,2015,9,1610612751
203187,Chris,Johnson,Forward,78,201,1990,2012,6,1610612762
203200,Justin,Holiday,Guard-Forward,78,180,1989,2013,4,1610612741
203210,JaMychal,Green,Power-Forward,80,227,1990,2015,7,1610612763
203268,Jorge,Gutierrez,Point-Guard,75,191,1988,2014,1,1610612766
203382,Aron,Baynes,Center,82,260,1986,2012,9,1610612765
203457,Nerlens,Noel,Forward-Center,82,228,1994,2013,8,1610612755
203458,Alex,Len,Center,85,255,1993,2013,9,1610612756
203459,Allen,Crabbe,Shooting-Guard,78,197,1992,2013,3,1610612757
203460,Andre,Roberson,Forward,79,210,1991,2013,6,1610612760
203461,Anthony,Bennett,Forward,80,259,1993,2013,6,1610612761
203462,Archie,Goodwin,Shooting-Guard,77,186,1994,2013,3,1610612756
203463,Ben,McLemore,Shooting-Guard,77,195,1993,2013,3,1610612758
203468,CJ,McCollum,Guard,75,197,1991,2013,2,1610612757
203469,Cody,Zeller,Forward-Center,84,240,1992,2013,8,1610612766
203471,Dennis,Schroder,Point-Guard,73,168,1993,2013,1,1610612737
203473,Dewayne,Dedmon,Center,84,255,1989,2013,9,1610612753
203475,Erick,Green,Point-Guard,76,185,1991,2014,1,1610612762
203476,Gorgui,Dieng,Center,83,238,1990,2013,9,1610612750
203477,Isaiah,Canaan,Point-Guard,73,195,1991,2013,1,1610612755
203481,Jeff,Withey,Center,84,235,1990,2013,9,1610612762
203482,Kelly,Olynyk,Center,84,238,1991,2013,9,1610612738
203484,Kentavious,Caldwell-Pope,Shooting-Guard,77,205,1993,2013,3,1610612765
203485,Lorenzo,Brown,Point-Guard,77,186,1990,2013,1,0
203486,Mason,Plumlee,Forward-Center,83,235,1990,2013,8,1610612757
203487,Michael,Carter-Williams,Point-Guard,78,185,1991,2013,1,1610612749
203488,Mike,Muscala,Forward-Center,84,240,1991,2014,8,1610612737
203490,Otto,Porter,Small-Forward,80,200,1993,2013,5,1610612764
203492,Ray,McCallum,Point-Guard,75,190,1991,2013,1,1610612759
203493,Reggie,Bullock,Guard-Forward,79,200,1991,2013,4,1610612765
203496,Robert,Covington,Power-Forward,81,215,1990,2013,7,1610612755
203497,Rudy,Gobert,Center,85,239,1992,2013,9,1610612762
203498,Shabazz,Muhammad,Small-Forward,78,222,1992,2013,5,1610612750
203499,Shane,Larkin,Point-Guard,71,176,1992,2013,1,1610612751
203500,Steven,Adams,Center,84,255,1993,2013,9,1610612760
203501,Tim,Hardaway Jr.,Shooting-Guard,78,205,1992,2013,3,1610612737
203503,Tony,Snell,Guard-Forward,79,200,1991,2013,4,1610612741
203504,Trey,Burke,Point-Guard,73,190,1992,2013,1,1610612762
203506,Victor,Oladipo,Guard,76,215,1992,2013,2,1610612753
203507,Giannis,Antetokounmpo,Guard-Forward,81,210,1994,2013,4,1610612749
203508,Sergey,Karasev,Shooting-Guard,79,196,1993,2013,3,1610612751
203512,Lucas,Nogueira,Center,84,241,1992,2014,9,1610612761
203515,Phil,Pressey,Point-Guard,71,175,1991,2013,1,1610612756
203516,James,Ennis,Guard-Forward,78,215,1990,2014,4,1610612763
203521,Matthew,Dellavedova,Point-Guard,76,190,1990,2013,1,1610612739
203524,Solomon,Hill,Small-Forward,79,225,1991,2013,5,1610612754
203526,Raul,Neto,Point-Guard,73,180,1992,2015,1,1610612762
203527,Ryan,Kelly,Power-Forward,83,230,1991,2013,7,1610612747
203530,Joffrey,Lauvergne,Forward-Center,83,220,1991,2015,8,1610612743
203546,Ian,Clark,Guard,75,173,1991,2013,2,1610612744
203552,Seth,Curry,Point-Guard,74,185,1990,2013,1,1610612758
203584,Troy,Daniels,Point-Guard,76,200,1991,2014,1,1610612766
203613,Jonathon,Simmons,Guard-Forward,78,195,1989,2015,4,1610612759
203648,Thanasis,Antetokounmpo,Small-Forward,78,219,1992,2016,5,1610612752
203798,PJ,Hairston,Guard-Forward,78,230,1992,2014,4,1610612763
203893,Russ,Smith,Point-Guard,72,165,1991,2014,1,0
203894,Shabazz,Napier,Point-Guard,72,175,1991,2014,1,1610612753
203895,Jordan,McRae,Guard,77,179,1991,2016,2,1610612756
203897,Zach,LaVine,Guard,77,200,1995,2014,2,1610612750
203898,Tyler,Ennis,Point-Guard,75,194,1994,2014,1,1610612749
203900,Markel,Brown,Shooting-Guard,75,190,1992,2014,3,1610612751
203901,Elfrid,Payton,Point-Guard,75,195,1994,2014,1,1610612753
203903,Jordan,Clarkson,Guard,76,194,1992,2014,2,1610612747
203906,Devyn,Marble,Shooting-Guard,78,200,1992,2014,3,1610612753
203909,KJ,McDaniels,Guard-Forward,78,205,1993,2014,4,1610612745
203912,CJ,Wilcox,Shooting-Guard,77,195,1990,2014,3,1610612746
203914,Gary,Harris,Shooting-Guard,76,210,1994,2014,3,1610612743
203915,Spencer,Dinwiddie,Guard,77,215,1993,2014,2,1610612765
203917,Nik,Stauskas,Shooting-Guard,78,205,1993,2014,3,1610612755
203918,Rodney,Hood,Guard-Forward,80,208,1992,2014,4,1610612762
203919,Jordan,Adams,Shooting-Guard,77,209,1994,2014,3,1610612763
203921,Cleanthony,Early,Small-Forward,80,210,1991,2014,5,1610612752
203922,Glenn,Robinson,Guard-Forward,78,222,1994,2014,4,1610612754
203923,James,Young,Shooting-Guard,78,215,1995,2014,3,1610612738
203924,Jerami,Grant,Forward,80,210,1994,2014,6,1610612755
203925,Joe,Harris,Guard-Forward,78,220,1991,2014,4,0
203926,Doug,McDermott,Forward,79,225,1992,2014,6,1610612741
203928,Cory,Jefferson,Power-Forward,81,218,1990,2014,7,0
203930,Sean,Kilpatrick,Shooting-Guard,76,210,1990,2015,3,0
203932,Aaron,Gordon,Forward,80,235,1995,2014,6,1610612753
203933,TJ,Warren,Small-Forward,80,220,1993,2014,5,1610612756
203934,Lamar,Patterson,Shooting-Guard,77,225,1991,2015,3,1610612737
203935,Marcus,Smart,Guard,75,220,1994,2014,2,1610612738
203937,Kyle,Anderson,Forward,81,230,1993,2014,6,1610612759
203939,Dwight,Powell,Forward-Center,82,240,1991,2014,8,1610612742
203940,Adreian,Payne,Power-Forward,82,237,1991,2014,7,1610612750
203943,Noah,Vonleh,Forward-Center,82,257,1995,2014,8,1610612757
203944,Julius,Randle,Forward-Center,80,250,1994,2014,8,1610612747
203946,Cameron,Bairstow,Forward-Center,81,250,1990,2014,8,1610612741
203948,Johnny,O'Bryant,Power-Forward,81,257,1993,2014,7,1610612749
203949,James Michael,McAdoo,Power-Forward,81,230,1993,2015,7,1610612744
203950,Jarnell,Stokes,Forward-Center,81,263,1994,2014,8,0
203951,Keith,Appling,Point-Guard,73,185,1992,2016,1,0
203952,Andrew,Wiggins,Forward,79,197,1995,2014,6,1610612750
203953,Jabari,Parker,Power-Forward,80,245,1995,2014,7,1610612749
203954,Joel,Embiid,Center,84,280,1994,2016,9,1610612755
203955,Bryce,Cotton,Point-Guard,73,165,1992,2015,1,0
203956,Mitch,McGary,Power-Forward,82,255,1992,2014,7,1610612760
203957,Dante,Exum,Guard,77,214,1995,2014,2,1610612762
203960,JaKarr,Sampson,Forward,79,214,1993,2014,6,1610612743
203961,Eric,Moreland,Power-Forward,82,238,1991,2014,7,1610612758
203962,Josh,Huestis,Power-Forward,79,230,1991,2016,7,1610612760
203963,Shayne,Whittington,Power-Forward,83,250,1991,2014,7,1610612754
203991,Clint,Capela,Center,82,240,1994,2014,9,1610612745
203994,Jusuf,Nurkic,Center,83,290,1994,2014,9,1610612743
203996,Damien,Inglis,Small-Forward,80,246,1995,2015,5,1610612749
203998,Bruno,Caboclo,Forward-Center,81,218,1995,2014,8,1610612761
203999,Nikola,Jokic,Center,83,284,1995,2015,9,1610612743
204001,Kristaps,Porzingis,Forward-Center,87,240,1995,2015,8,1610612752
204002,Walter,Tavares,Center,87,260,1992,2015,9,1610612737
204014,Damjan,Rudez,Small-Forward,82,228,1986,2014,5,1610612750
204020,Tyler,Johnson,Guard,75,186,1992,2015,2,1610612748
204025,Tim,Frazier,Point-Guard,72,170,1990,2015,1,0
204028,Tarik,Black,Center,81,250,1991,2014,9,1610612747
204038,Langston,Galloway,Guard,73,200,1991,2015,2,1610612752
204060,Joe,Ingles,Forward,80,220,1987,2014,6,1610612762
204067,Jarell,Eddie,Small-Forward,79,218,1991,2015,5,1610612764
204456,TJ,McConnell,Point-Guard,73,190,1992,2015,1,1610612755
1626143,Jahlil,Okafor,Center,82,270,1995,2015,9,1610612755
1626144,Emmanuel,Mudiay,Point-Guard,75,200,1996,2015,1,1610612743
1626145,Tyus,Jones,Point-Guard,72,196,1996,2015,1,1610612750
1626146,Cliff,Alexander,Power-Forward,80,245,1995,2015,7,1610612757
1626147,Justin,Anderson,Guard-Forward,78,230,1993,2015,4,1610612742
1626148,Anthony,Brown,Small-Forward,79,210,1992,2015,5,1610612747
1626149,Montrezl,Harrell,Forward-Center,79,240,1994,2015,8,1610612745
1626151,Aaron,Harrison,Shooting-Guard,78,210,1994,2015,3,1610612766
1626153,Delon,Wright,Guard,77,185,1992,2015,2,1610612761
1626154,RJ,Hunter,Shooting-Guard,77,185,1993,2015,3,1610612738
1626155,Sam,Dekker,Power-Forward,81,230,1994,2015,7,1610612745
1626156,D'Angelo,Russell,Point-Guard,76,193,1995,2015,1,1610612747
1626157,Karl-Anthony,Towns,Center,83,248,1995,2015,9,1610612750
1626158,Richaun,Holmes,Forward-Center,82,235,1993,2015,8,1610612755
1626159,Justise,Winslow,Guard-Forward,78,222,1996,2015,4,1610612748
1626161,Willie,Cauley-Stein,Center,84,240,1993,2015,9,1610612758
1626162,Kelly,Oubre,Small-Forward,79,203,1995,2015,5,1610612764
1626163,Frank,Kaminsky,Forward-Center,84,240,1993,2015,8,1610612766
1626164,Devin,Booker,Shooting-Guard,77,206,1996,2015,3,1610612756
1626166,Cameron,Payne,Guard,73,183,1994,2015,2,1610612760
1626167,Myles,Turner,Center,83,250,1996,2015,9,1610612754
1626168,Trey,Lyles,Power-Forward,81,234,1995,2015,7,1610612762
1626169,Stanley,Johnson,Forward,78,242,1996,2015,6,1610612765
1626170,Jerian,Grant,Guard,76,205,1992,2015,2,1610612752
1626171,Bobby,Portis,Forward-Center,82,250,1995,2015,8,1610612741
1626172,Kevon,Looney,Forward-Center,81,222,1996,2015,8,1610612744
1626173,Rashad,Vaughn,Shooting-Guard,78,202,1996,2015,3,1610612749
1626174,Christian,Wood,Forward-Center,82,214,1995,2015,8,0
1626175,Jordan,Mickey,Power-Forward,80,235,1994,2015,7,1610612738
1626176,Rakeem,Christmas,Power-Forward,81,250,1991,2016,7,1610612754
1626178,Rondae,Hollis-Jefferson,Forward,78,217,1995,2015,6,1610612751
1626179,Terry,Rozier,Guard,73,190,1994,2015,2,1610612738
1626181,Norman,Powell,Guard-Forward,75,215,1993,2015,4,1610612761
1626183,Branden,Dawson,Power-Forward,78,225,1993,2015,7,1610612746
1626185,Jarell,Martin,Power-Forward,82,239,1994,2015,7,1610612763
1626191,Chris,McCullough,Power-Forward,83,200,1995,2016,7,1610612751
1626192,Pat,Connaughton,Shooting-Guard,77,209,1993,2015,3,1610612757
1626196,Josh,Richardson,Guard-Forward,77,200,1993,2015,4,1610612748
1626199,Darrun,Hilliard,Shooting-Guard,78,205,1993,2015,3,1610612765
1626202,Joe,Young,Point-Guard,74,180,1992,2015,1,1610612754
1626204,Larry,Nance Jr.,Forward-Center,79,245,1993,2015,8,1610612747
1626209,Mario,Hezonja,Forward,80,220,1995,2015,6,1610612753
1626214,Bryce,Dejean-Jones,Shooting-Guard,78,209,1992,2015,3,1610612740
1626242,Luis,Montero,Shooting-Guard,79,185,1993,2015,3,1610612757
1626245,Cristiano,Felicio,Center,83,270,1992,2015,9,1610612741
1626246,Boban,Marjanovic,Center,87,290,1988,2015,9,1610612759
1626251,Duje,Dukan,Small-Forward,81,220,1991,2016,5,1610612758
1626257,Salah,Mejri,Center,86,235,1986,2015,9,1610612742
1626266,J.J.,O'Brien,Small-Forward,79,228,1992,2016,5,0
1626273,Marcelo,Huertas,Point-Guard,75,200,1983,2015,1,1610612747
1626339,Jeff,Pendergraph,Forward-Center,81,250,1987,2009,8,1610612746
1627293,Alex,Stepheson,Power-Forward,82,270,1987,2016,7,1610612746